{
  "demo": {
    "prerequisites_valid": true,
    "update_result": "RelationshipUpdateResult(success=True, entity_changes_processed=2, relationships_added=0, relationships_updated=0, relationships_removed=0, orphans_cleaned=0, affected_entities={'caea9329-8f03-4635-8f06-a8abc122f9d5', 'ea2cae2a-aa5d-4d63-b4c2-17ac3543152f'}, errors=[], processing_time=0.11570596694946289, validation_passed=True)",
    "cascade_result": "UpdateResult(success=False, affected_entities={'2bc57ce3-9d3d-4efb-af79-8581e499413a'}, processed_entities={'2bc57ce3-9d3d-4efb-af79-8581e499413a'}, cycles_detected=[], errors=['Graph consistency validation failed'], duration_seconds=0.0, statistics={})",
    "statistics": {
      "total_updates": 1,
      "successful_updates": 1,
      "failed_updates": 0,
      "relationships_processed": 0,
      "orphans_cleaned": 0,
      "avg_processing_time": 0.11570596694946289
    },
    "impact_analysis": "EntityChangeImpact(potential_new_sources={'caea9329-8f03-4635-8f06-a8abc122f9d5'}, potential_new_targets={'caea9329-8f03-4635-8f06-a8abc122f9d5'}, validation_required={'ea2cae2a-aa5d-4d63-b4c2-17ac3543152f'}, reanalysis_required={'ea2cae2a-aa5d-4d63-b4c2-17ac3543152f'}, cascade_deletions=set(), reference_updates=set(), orphan_cleanup_required=False)",
    "orphans_cleaned": 0
  },
  "performance": {
    "processing_time": 0.06722712516784668,
    "throughput": 1487.4948132964028,
    "target_met": true,
    "result": "RelationshipUpdateResult(success=True, entity_changes_processed=100, relationships_added=0, relationships_updated=0, relationships_removed=0, orphans_cleaned=0, affected_entities={'73167381-6bbf-4d60-8b56-87e01f6fa134', '534ca409-d4da-4b45-ab9a-e0b4a79749ec', '9cd9009e-cceb-4894-bcfe-76a7ea207e60', '714709da-a7f9-4d83-8a27-0652016dfdcd', 'f46df920-4ac5-466b-840a-c78af65fb9d6', '23bdd5ed-e0b6-40ee-929b-0a60ad233499', '96c0fd8e-a376-4679-a8fe-23b0b04979c9', '2699bf6d-c2ff-44cc-af51-ae39fff394ac', '13d0d6ba-9b91-4cf0-adac-c49aa9b04215', 'ff78b8be-b9c1-4eb9-bcae-986666687fe1', 'b10d23eb-67b6-4231-9075-b5a9be47b5e0', '202ab9e8-5032-461f-9d92-cb1feabcbbd0', 'dda48bab-5e74-4970-af68-e39d7ff4574d', '373bd192-883c-42f3-9dea-6c86c009fb2d', 'a7d6d703-149f-4f31-bc4c-b607e31714df', '909008e3-a4d0-4796-bbbc-9b4bd365a212', 'e2b3e17c-8727-47d8-9d1b-03b2921a338f', 'ec505790-fcf0-450b-b355-b18c93fad8b7', '4e23c002-805c-4bbc-b0da-1858d144831c', '3787c9b5-dc37-450c-931e-bb49639c83cd', '88518eeb-6b96-48d8-9c50-f9d4f8d873d3', '81b916a3-1f76-4678-9d00-a5ed8d7fd259', 'cb60077a-0472-4742-8186-e8117a638174', '01fe7817-ce34-4825-93dd-ccbcfc0d6bbf', 'a9017c88-7795-4ba5-a3b2-ea48c7fdb9f2', '7e1de500-3366-4b34-b6b3-a6d5d0eb2e2d', 'd2e266d2-d286-4647-9f81-3e442b091e70', 'c12eb1b5-f032-4848-8b4f-7b28f1b8e956', '222a1417-0ac9-4371-8ac5-85d1bc300676', 'dabdc2ba-cca8-40be-a0cf-4285272e1c50', '90c4b103-ad99-4ffd-898b-5336825fbc8a', '33409533-408d-4256-ad00-09f02e6c1090', '63b64551-ffe0-4fde-a956-fe403617d9c5', 'd311076c-5829-4542-b8a5-c0627377cee0', 'c89fac19-9c2f-4e2f-b6c4-bf99c0c3c1f1', '64a4ef19-f62e-4fb9-952a-528fa2d3f7f4', '5524ff4e-1e24-42f2-b941-3369a8e4b4e7', '6690c7f1-f950-44f5-99d2-77a0c995e4b1', 'b2fbe049-8613-484a-bbb3-bfc9dcf2c0e5', '35f5ee64-3205-42eb-8072-e0a5038aa704', '542fda57-686d-4e36-98b4-5b2d61890d6b', '3898a90b-4615-4e5a-9dfc-72dc718ec581', 'bd4afbf4-eb2f-4f22-8baf-3cc3f6d55219', '9fb0c2f2-0f14-4488-84a5-9ed5099e7f78', '7309d565-201e-463c-a745-a4955ee1c824', '47ada9c7-87ea-453c-a426-22709b026b72', 'ea37810d-b20f-4d60-be67-90bc24f17f6d', '08a40ca7-1b31-40f1-85a3-e57a085b239f', '79bc6916-363f-474c-8ee5-088d11a51ce9', '4ca40f3a-b045-488c-be18-76e8f0aba7ce', 'abe0a683-f953-4a76-8895-a400be124a8f', '41d55d6b-df32-445d-8b5a-26143b433053', '0ba9af0d-ae3d-4ceb-affa-60d595ede324', '72d4d7cd-8b79-46bc-8b1c-fdfc6e66fa20', 'bf72eb4e-b68a-4a84-8355-e615eca89c21', 'e7b9f1a4-ac92-4356-a2d6-a8bc0952a11a', '40470bc1-56e5-4994-a027-2aa54f3b589e', 'cbc1d2a1-f8ad-474e-92bf-8c1d566728d5', 'fa2cca7f-00f8-4260-8c33-239d437ed4e0', 'dabd36fa-abd4-4a74-9078-6a15dca281a3', '2ed76872-9381-438d-a209-3b47b7b145de', '251921cc-13df-417e-be30-2d6396528190', 'a35e90c0-4445-4b59-8051-fc9a507ee53e', 'e634782f-1adc-4d53-b905-1ff08d5adfa0', 'dfb5ea89-91fe-436e-a39e-9a7f3f3a1e51', 'c3c95a38-2ec6-490f-97a7-e69b66216335', '43ebefbb-f6c4-42ef-9b8d-73d418e75dfb', '6b009ccb-0cca-40e4-a638-0b879fe64ce9', '023dccc7-d2c5-45cf-940d-47007899fed4', '0064e0a1-ffe3-425d-a6b6-73ad98e8d9ed', '7c1ab774-cf08-4400-b7a8-939410c31d2d', '6c180986-77c2-41fb-af94-0148aeb938db', '96d16aef-27b4-4074-b71e-a4c4b161db93', '94fcd842-020d-4be3-b2ff-75930e28e362', '929fc286-d0c7-4ffa-8965-8c5d4b1a1ba7', 'e00be173-68c4-45be-8a38-48f6525fc6bc', '0a503715-d13b-4fda-9736-53d0fd18bbcd', 'deb616d6-452c-4dc7-a420-c438058498f3', '84e5c688-3ab4-4b2a-a021-1aa94b02e6c3', 'ded9a9ac-e6a6-478b-8ff4-c4570da286c7', '30a661dc-fc45-4428-a124-6b7182e7ec08', 'b188f0d4-ffbb-4a41-ad60-7fba8d4e3db4', 'f851679e-a87b-43f1-938c-5e10bc1d6380', 'c1187ff6-adc2-48f4-b28a-798b87b7b35e', '3a18cce1-8905-4b54-9688-3d910efef463', '3be217e6-20f1-4882-8dc5-8e4bbbdaa8ff', '80dd398c-9279-4e83-bdf3-539d45a86f64', 'fc21eaa9-f703-45f5-8683-d7df55aa9695', '9ef79ff4-658d-4993-acf5-552a31f55b5a', 'd9db4c7f-45c5-400a-aa49-34dc8ff7c452', 'd215ad56-1e7f-425f-b36c-f3849f642cbd', '1aeb02b3-d909-4f2c-81fb-d0971f244c9a', '7e757a97-5a90-4aa1-afab-9974d3b28dc6', '3c5db372-fb31-420b-9e4d-4901851293ad', '7300e496-2855-4ce7-9c6d-aaf860299933', '3e889a90-5e19-4f02-959a-751b93fdefdf', '7243b1da-9994-4131-8c5a-6547407a1362', '3dc33f84-1e30-4a6d-ab67-36d9d6ce90e4', '661d1c21-3c8f-4416-af6f-7b40a62d162c', '00a59c32-f435-4baf-a8a2-ea79204f6933'}, errors=[], processing_time=0.06720304489135742, validation_passed=True)"
  },
  "timestamp": "2025-08-23",
  "issue": "#66",
  "status": "complete"
}